Date,Close,Mean,Median,Up/Down,Gain%/Loss%
2004-10-01,135.02,0,0,0,0
2004-10-04,129.6,132.31,132.31,-5.42,-4.01
2004-10-05,134.24,132.95,134.24,4.64,3.58
2004-10-06,135.06,133.48,134.63,0.82,0.61
2004-10-07,138.53,134.49,135.02,3.47,2.57
2004-10-08,137.08,134.92,135.04,-1.45,-1.05
2004-10-11,139.88,135.63,135.06,2.8,2.04
2004-10-12,137.73,135.89,136.07,-2.15,-1.54
2004-10-13,138.86,136.22,137.08,1.13,0.82
2004-10-14,137.4,136.34,137.24,-1.46,-1.05
2004-10-15,143.55,137.0,137.4,6.15,4.48
2004-10-18,142.0,137.41,137.56,-1.55,-1.08
2004-10-19,145.5,138.03,137.73,3.5,2.46
2004-10-20,149.16,138.83,138.13,3.66,2.52
2004-10-21,152.4,139.73,138.53,3.24,2.17
2004-10-22,140.49,139.78,138.69,-11.91,-7.81
2004-10-25,150.13,140.39,138.86,9.64,6.86
2004-10-26,172.43,142.17,139.37,22.3,14.85
2004-10-27,194.43,144.92,139.88,22.0,12.76
2004-10-28,181.8,146.76,140.19,-12.63,-6.5
2004-10-29,189.52,148.8,140.49,7.72,4.25
2004-11-01,199.95,151.13,141.25,10.43,5.5
2004-11-02,193.55,152.97,142.0,-6.4,-3.2
2004-11-03,199.25,154.9,142.78,5.7,2.94
2004-11-04,191.67,156.37,143.55,-7.58,-3.8
2004-11-05,201.6,158.11,144.53,9.93,5.18
2004-11-08,190.4,159.3,145.5,-11.2,-5.56
2004-11-09,169.35,159.66,147.33,-21.05,-11.06
2004-11-10,181.98,160.43,149.16,12.63,7.46
2004-11-11,169.4,160.73,149.64,-12.58,-6.91
2004-11-12,175.44,161.21,150.13,6.04,3.57
2004-11-15,168.7,161.44,151.26,-6.74,-3.84
2004-11-16,172.52,161.78,152.4,3.82,2.26
2004-11-17,183.02,162.4,160.55,10.5,6.09
2004-11-18,189.8,163.18,168.7,6.78,3.7
2004-11-19,184.87,163.79,169.02,-4.93,-2.6
2004-11-22,180.45,164.24,169.35,-4.42,-2.39
2004-11-23,179.47,164.64,169.38,-0.98,-0.54
2004-11-24,172.5,164.84,169.4,-6.97,-3.88
2004-11-26,174.42,165.08,170.92,1.92,1.11
2004-11-29,169.4,165.18,169.4,-5.02,-2.88
2004-11-30,169.98,165.3,169.69,0.58,0.34
2004-12-01,169.5,165.4,169.5,-0.48,-0.28
2004-12-02,167.52,165.44,169.45,-1.98,-1.17
2004-12-03,177.21,165.71,169.5,9.69,5.78
2004-12-06,179.39,166.0,169.74,2.18,1.23
2004-12-07,181.98,166.34,169.98,2.59,1.44
2004-12-08,182.5,166.68,171.2,0.52,0.29
2004-12-09,179.4,166.94,172.43,-3.1,-1.7
2004-12-10,180.4,167.21,172.47,1.0,0.56
2004-12-13,181.06,167.48,172.5,0.66,0.37
2004-12-14,176.2,167.65,172.51,-4.86,-2.68
2004-12-15,169.98,167.69,172.5,-6.22,-3.53
2004-12-16,173.5,167.8,172.51,3.52,2.07
2004-12-17,171.65,167.87,172.5,-1.85,-1.07
2004-12-20,173.18,167.96,172.51,1.53,0.89
2004-12-21,178.69,168.15,172.52,5.51,3.18
2004-12-22,180.69,168.37,172.85,2.0,1.12
2004-12-23,176.47,168.51,173.18,-4.22,-2.34
2004-12-27,180.5,168.71,173.34,4.03,2.28
2004-12-28,185.02,168.97,173.5,4.52,2.5
2004-12-29,187.88,169.28,173.96,2.86,1.55
2004-12-30,186.3,169.55,174.42,-1.58,-0.84
2004-12-31,188.6,169.85,174.93,2.3,1.23
2005-01-03,191.91,170.19,175.44,3.31,1.76
2005-01-04,193.55,170.54,175.82,1.64,0.85
2005-01-05,192.9,170.87,176.2,-0.65,-0.34
2005-01-06,198.23,171.28,176.33,5.33,2.76
2005-01-07,192.79,171.59,176.47,-5.44,-2.74
2005-01-10,203.64,172.05,176.84,10.85,5.63
2005-01-11,196.9,172.4,177.21,-6.74,-3.31
2005-01-12,188.55,172.62,177.95,-8.35,-4.24
2005-01-13,194.25,172.92,178.69,5.7,3.02
2005-01-14,195.06,173.22,179.04,0.81,0.42
2005-01-18,197.71,173.54,179.39,2.65,1.36
2005-01-19,195.62,173.83,179.39,-2.09,-1.06
2005-01-20,197.39,174.14,179.4,1.77,0.9
2005-01-21,199.97,174.47,179.44,2.58,1.31
2005-01-24,205.02,174.86,179.47,5.05,2.53
2005-01-25,197.3,175.14,179.94,-7.72,-3.77
2005-01-26,196.25,175.4,180.4,-1.05,-0.53
2005-01-27,188.28,175.55,180.43,-7.97,-4.06
2005-01-28,177.12,175.57,180.4,-11.16,-5.93
2005-01-31,181.94,175.65,180.43,4.82,2.72
2005-02-01,188.08,175.8,180.45,6.14,3.37
2005-02-02,195.62,176.03,180.47,7.54,4.01
2005-02-03,205.96,176.37,180.5,10.34,5.29
2005-02-04,213.37,176.79,180.59,7.41,3.6
2005-02-07,204.36,177.1,180.69,-9.01,-4.22
2005-02-08,206.4,177.43,180.88,2.04,1.0
2005-02-09,198.64,177.66,181.06,-7.76,-3.76
2005-02-10,201.6,177.92,181.43,2.96,1.49
2005-02-11,187.98,178.03,181.8,-13.62,-6.76
2005-02-14,192.99,178.19,181.87,5.01,2.67
2005-02-15,199.84,178.41,181.94,6.85,3.55
2005-02-16,198.41,178.62,181.96,-1.43,-0.72
2005-02-17,199.75,178.84,181.98,1.34,0.68
2005-02-18,197.95,179.04,181.98,-1.8,-0.9
2005-02-22,198.9,179.24,181.98,0.95,0.48
2005-02-23,193.95,179.38,182.24,-4.95,-2.49
2005-02-24,189.85,179.49,182.5,-4.1,-2.11
2005-02-25,185.87,179.55,182.76,-3.98,-2.1
2005-02-28,189.87,179.65,183.02,4.0,2.15
2005-03-01,186.06,179.71,183.94,-3.81,-2.01
2005-03-02,187.67,179.79,184.87,1.61,0.87
2005-03-03,187.01,179.86,184.94,-0.66,-0.35
2005-03-04,187.25,179.92,185.02,0.24,0.13
2005-03-07,188.81,180.01,185.44,1.56,0.83
2005-03-08,189.85,180.1,185.87,1.04,0.55
2005-03-09,181.35,180.11,185.44,-8.5,-4.48
2005-03-10,181.2,180.12,185.02,-0.15,-0.08
2005-03-11,177.8,180.1,184.94,-3.4,-1.88
2005-03-14,178.4,180.08,184.87,0.6,0.34
2005-03-15,178.61,180.07,183.94,0.21,0.12
2005-03-16,178.61,180.06,183.02,0.0,0.0
2005-03-17,179.29,180.05,182.76,0.68,0.38
2005-03-18,180.04,180.05,182.5,0.75,0.42
2005-03-21,180.4,180.05,182.24,0.36,0.2
2005-03-22,180.88,180.06,181.98,0.48,0.27
2005-03-23,181.94,180.08,181.98,1.06,0.59
2005-03-24,178.98,180.07,181.98,-2.96,-1.63
2005-03-28,180.86,180.07,181.96,1.88,1.05
2005-03-29,181.42,180.08,181.94,0.56,0.31
2005-03-30,183.28,180.11,181.96,1.86,1.03
2005-03-31,180.45,180.11,181.94,-2.83,-1.54
2005-04-01,181.39,180.12,181.94,0.94,0.52
2005-04-04,180.04,180.12,181.94,-1.35,-0.74
2005-04-05,185.32,180.16,181.94,5.28,2.93
2005-04-06,188.57,180.23,181.94,3.25,1.75
2005-04-07,189.65,180.3,181.96,1.08,0.57
2005-04-08,193.76,180.4,181.98,4.11,2.17
2005-04-11,195.1,180.51,181.98,1.34,0.69
2005-04-12,193.23,180.61,181.98,-1.87,-0.96
2005-04-13,194.42,180.71,182.24,1.19,0.62
2005-04-14,192.93,180.8,182.5,-1.49,-0.77
2005-04-15,194.36,180.9,182.76,1.43,0.74
2005-04-18,185.0,180.93,183.02,-9.36,-4.82
2005-04-19,187.88,180.98,183.15,2.88,1.56
2005-04-20,191.4,181.06,183.28,3.52,1.87
2005-04-21,200.5,181.2,184.07,9.1,4.75
2005-04-22,204.22,181.36,184.87,3.72,1.86
2005-04-25,224.0,181.66,184.94,19.78,9.69
2005-04-26,223.53,181.95,185.0,-0.47,-0.21
2005-04-27,222.0,182.23,185.01,-1.53,-0.68
2005-04-28,219.78,182.49,185.02,-2.22,-1.0
2005-04-29,222.08,182.76,185.17,2.3,1.05
2005-05-02,220.0,183.02,185.32,-2.08,-0.94
2005-05-03,223.7,183.29,185.59,3.7,1.68
2005-05-04,226.19,183.58,185.87,2.49,1.11
2005-05-05,229.88,183.89,185.97,3.69,1.63
2005-05-06,226.98,184.17,186.06,-2.9,-1.26
2005-05-09,229.25,184.47,186.18,2.27,1.0
2005-05-10,226.02,184.74,186.3,-3.23,-1.41
2005-05-11,227.8,185.02,186.66,1.78,0.79
2005-05-12,227.8,185.3,187.01,0.0,0.0
2005-05-13,231.29,185.59,187.13,3.49,1.53
2005-05-16,232.23,185.89,187.25,0.94,0.41
2005-05-17,229.24,186.16,187.46,-2.99,-1.29
2005-05-18,231.62,186.45,187.67,2.38,1.04
2005-05-19,233.13,186.74,187.77,1.51,0.65
2005-05-20,239.97,187.07,187.88,6.84,2.93
2005-05-23,239.18,187.39,187.88,-0.79,-0.33
2005-05-24,241.67,187.73,187.88,2.49,1.04
2005-05-25,255.45,188.14,187.93,13.78,5.7
2005-05-26,265.44,188.61,187.98,9.99,3.91
2005-05-27,260.81,189.04,188.03,-4.63,-1.74
2005-05-31,263.76,189.49,188.08,2.95,1.13
2005-06-01,266.0,189.94,188.18,2.24,0.85
2005-06-02,269.37,190.41,188.28,3.37,1.27
2005-06-03,278.4,190.93,188.42,9.03,3.35
2005-06-06,289.78,191.51,188.55,11.38,4.09
2005-06-07,280.26,192.03,188.56,-9.52,-3.29
2005-06-08,293.75,192.61,188.57,13.49,4.81
2005-06-09,293.12,193.19,188.58,-0.63,-0.21
2005-06-10,293.19,193.76,188.6,0.07,0.02
2005-06-13,286.31,194.29,188.7,-6.88,-2.35
2005-06-14,287.28,194.81,188.81,0.97,0.34
2005-06-15,274.8,195.26,189.17,-12.48,-4.34
2005-06-16,278.3,195.73,189.52,3.5,1.27
2005-06-17,287.67,196.24,189.59,9.37,3.37
2005-06-20,287.84,196.74,189.65,0.17,0.06
2005-06-21,292.32,197.27,189.73,4.48,1.56
2005-06-22,289.71,197.77,189.8,-2.61,-0.89
2005-06-23,304.1,198.35,189.82,14.39,4.97
2005-06-24,292.72,198.86,189.85,-11.38,-3.74
2005-06-27,298.93,199.4,189.85,6.21,2.12
2005-06-28,295.98,199.92,189.85,-2.95,-0.99
2005-06-29,291.52,200.4,189.86,-4.46,-1.51
2005-06-30,297.3,200.92,189.87,5.78,1.98
2005-07-01,295.8,201.42,190.13,-1.5,-0.5
2005-07-05,289.39,201.88,190.4,-6.41,-2.17
2005-07-06,296.23,202.37,190.9,6.84,2.36
2005-07-07,296.6,202.86,191.4,0.37,0.12
2005-07-08,291.78,203.31,191.53,-4.82,-1.63
2005-07-11,299.24,203.81,191.67,7.46,2.56
2005-07-12,300.89,204.3,191.79,1.65,0.55
2005-07-13,303.4,204.81,191.91,2.51,0.83
2005-07-14,299.54,205.28,192.35,-3.86,-1.27
2005-07-15,310.35,205.81,192.79,10.81,3.61
2005-07-18,312.0,206.34,192.84,1.65,0.53
2005-07-19,313.94,206.88,192.9,1.94,0.62
2005-07-20,317.8,207.43,192.92,3.86,1.23
2005-07-21,302.4,207.89,192.93,-15.4,-4.85
2005-07-22,303.29,208.36,192.96,0.89,0.29
2005-07-25,296.09,208.79,192.99,-7.2,-2.37
2005-07-26,292.09,209.19,193.11,-4.0,-1.35
2005-07-27,298.23,209.62,193.23,6.14,2.1
2005-07-28,293.5,210.03,193.39,-4.73,-1.59
2005-07-29,292.84,210.42,193.55,-0.66,-0.22
2005-08-01,291.61,210.81,193.55,-1.23,-0.42
2005-08-02,297.3,211.22,193.55,5.69,1.95
2005-08-03,292.35,211.6,193.66,-4.95,-1.66
2005-08-04,295.65,212.0,193.76,3.3,1.13
2005-08-05,291.57,212.37,193.85,-4.08,-1.38
2005-08-08,292.33,212.74,193.95,0.76,0.26
2005-08-09,284.05,213.07,194.1,-8.28,-2.83
2005-08-10,290.2,213.43,194.25,6.15,2.17
2005-08-11,287.79,213.77,194.31,-2.41,-0.83
2005-08-12,285.1,214.09,194.36,-2.69,-0.93
2005-08-15,280.5,214.4,194.39,-4.6,-1.61
2005-08-16,281.47,214.7,194.42,0.97,0.35
2005-08-17,279.58,214.99,194.43,-1.89,-0.67
2005-08-18,284.75,215.3,194.43,5.17,1.85
2005-08-19,282.59,215.61,194.75,-2.16,-0.76
2005-08-22,285.02,215.91,195.06,2.43,0.86
2005-08-23,288.45,216.23,195.08,3.43,1.2
2005-08-24,289.51,216.56,195.1,1.06,0.37
2005-08-25,286.0,216.86,195.36,-3.51,-1.21
2005-08-26,287.5,217.17,195.62,1.5,0.52
2005-08-29,288.45,217.48,195.62,0.95,0.33
2005-08-30,289.39,217.79,195.62,0.94,0.33
2005-08-31,294.87,218.12,195.94,5.48,1.89
2005-09-01,299.28,218.47,196.25,4.41,1.5
2005-09-02,299.09,218.82,196.57,-0.19,-0.06
2005-09-06,311.42,219.21,196.9,12.33,4.12
2005-09-07,311.68,219.6,197.1,0.26,0.08
2005-09-08,313.28,220.0,197.3,1.6,0.51
2005-09-09,302.62,220.34,197.34,-10.66,-3.4
2005-09-12,304.5,220.7,197.39,1.88,0.62
2005-09-13,303.79,221.04,197.55,-0.71,-0.23
2005-09-14,311.3,221.42,197.71,7.51,2.47
2005-09-15,311.9,221.79,197.83,0.6,0.19
2005-09-16,310.17,222.16,197.95,-1.73,-0.55
2005-09-19,319.22,222.55,198.09,9.05,2.92
2005-09-20,315.36,222.93,198.23,-3.86,-1.21
2005-09-21,313.0,223.3,198.32,-2.36,-0.75
2005-09-22,320.95,223.69,198.41,7.95,2.54
2005-09-23,313.94,224.06,198.52,-7.01,-2.18
2005-09-26,315.1,224.42,198.64,1.16,0.37
2005-09-27,309.62,224.76,198.77,-5.48,-1.74
2005-09-28,317.5,225.13,198.9,7.88,2.55
2005-09-29,318.68,225.5,199.07,1.18,0.37
2005-09-30,311.0,225.84,199.25,-7.68,-2.41
2005-10-03,321.28,226.22,199.5,10.28,3.31
2005-10-04,310.71,226.55,199.75,-10.57,-3.29
2005-10-05,314.9,226.89,199.8,4.19,1.35
2005-10-06,312.69,227.23,199.84,-2.21,-0.7
2005-10-07,314.48,227.57,199.89,1.79,0.57
2005-10-10,312.99,227.9,199.95,-1.49,-0.47
2005-10-11,314.82,228.23,199.96,1.83,0.58
2005-10-12,306.1,228.53,199.97,-8.72,-2.77
2005-10-13,300.97,228.81,200.24,-5.13,-1.68
2005-10-14,307.19,229.1,200.5,6.22,2.07
2005-10-17,297.44,229.36,201.05,-9.75,-3.17
2005-10-18,300.23,229.63,201.6,2.79,0.94
2005-10-19,305.0,229.91,201.6,4.77,1.59
2005-10-20,307.96,230.21,201.6,2.96,0.97
2005-10-21,308.7,230.5,202.62,0.74,0.24
2005-10-24,311.13,230.8,203.64,2.43,0.79
2005-10-25,339.9,231.2,203.93,28.77,9.25
2005-10-26,349.3,231.64,204.22,9.4,2.77
2005-10-27,346.91,232.06,204.29,-2.39,-0.68
2005-10-28,356.0,232.52,204.36,9.09,2.62
2005-10-31,353.06,232.96,204.69,-2.94,-0.83
2005-11-01,372.14,233.46,205.02,19.08,5.4
2005-11-02,383.9,234.01,205.49,11.76,3.16
2005-11-03,379.68,234.53,205.96,-4.22,-1.1
2005-11-04,377.17,235.05,206.18,-2.51,-0.66
2005-11-07,385.95,235.59,206.4,8.78,2.33
2005-11-08,386.58,236.13,209.88,0.63,0.16
2005-11-09,390.43,236.68,213.37,3.85,1.0
2005-11-10,397.47,237.25,216.57,7.04,1.8
2005-11-11,388.29,237.78,219.78,-9.18,-2.31
2005-11-14,396.9,238.34,219.89,8.61,2.22
2005-11-15,396.97,238.9,220.0,0.07,0.02
2005-11-16,398.15,239.45,221.0,1.18,0.3
2005-11-17,403.81,240.03,222.0,5.66,1.42
2005-11-18,400.21,240.58,222.04,-3.6,-0.89
2005-11-21,409.98,241.17,222.08,9.77,2.44
2005-11-22,416.47,241.77,222.81,6.49,1.58
2005-11-23,424.72,242.4,223.53,8.25,1.98
2005-11-25,428.62,243.04,223.62,3.9,0.92
2005-11-28,431.24,243.68,223.7,2.62,0.61
2005-11-29,403.54,244.22,223.85,-27.7,-6.42
2005-11-30,414.09,244.8,224.0,10.55,2.61
2005-12-01,409.2,245.36,225.01,-4.89,-1.18
2005-12-02,419.53,245.94,226.02,10.33,2.52
2005-12-05,405.85,246.48,226.11,-13.68,-3.26
2005-12-06,416.41,247.05,226.19,10.56,2.6
2005-12-07,410.65,247.59,226.58,-5.76,-1.38
2005-12-08,410.65,248.13,226.98,0.0,0.0
2005-12-09,409.2,248.67,227.39,-1.45,-0.35
2005-12-12,415.21,249.22,227.8,6.01,1.47
2005-12-13,417.49,249.77,227.8,2.28,0.55
2005-12-14,419.73,250.33,227.8,2.24,0.54
2005-12-15,422.55,250.89,228.52,2.82,0.67
2005-12-16,424.6,251.46,229.24,2.05,0.49
2005-12-19,432.2,252.04,229.25,7.6,1.79
2005-12-20,432.2,252.63,229.25,0.0,0.0
2005-12-21,426.33,253.19,229.56,-5.87,-1.36
2005-12-22,432.86,253.76,229.88,6.53,1.53
2005-12-23,430.93,254.33,230.58,-1.93,-0.45
2005-12-27,426.69,254.88,231.29,-4.24,-0.98
2005-12-28,428.73,255.44,231.45,2.04,0.48
2005-12-29,414.86,255.94,231.62,-13.87,-3.24
2005-12-30,435.67,256.51,231.93,20.81,5.02
2006-01-03,445.24,257.11,232.23,9.57,2.2
2006-01-04,451.55,257.72,232.68,6.31,1.42
2006-01-05,465.66,258.37,233.13,14.11,3.12
2006-01-06,473.4,259.04,236.16,7.74,1.66
2006-01-09,469.76,259.7,239.18,-3.64,-0.77
2006-01-10,462.04,260.33,239.57,-7.72,-1.64
2006-01-11,463.63,260.96,239.97,1.59,0.34
2006-01-12,466.89,261.59,240.82,3.26,0.7
2006-01-13,467.11,262.22,241.67,0.22,0.05
2006-01-17,457.36,262.82,248.56,-9.75,-2.09
2006-01-18,436.45,263.35,255.45,-20.91,-4.57
2006-01-19,440.03,263.89,258.13,3.58,0.82
2006-01-20,427.5,264.39,260.81,-12.53,-2.85
2006-01-23,433.49,264.9,262.28,5.99,1.4
2006-01-24,433.28,265.41,263.76,-0.21,-0.05
2006-01-25,432.66,265.92,264.6,-0.62,-0.14
2006-01-26,439.6,266.44,265.44,6.94,1.6
2006-01-27,402.0,266.84,265.72,-37.6,-8.55
2006-01-30,396.04,267.23,266.0,-5.96,-1.48
2006-01-31,393.9,267.61,267.69,-2.14,-0.54
2006-02-01,385.1,267.95,269.37,-8.8,-2.23
2006-02-02,383.7,268.3,272.09,-1.4,-0.36
2006-02-03,369.08,268.59,274.8,-14.62,-3.81
2006-02-06,362.61,268.87,276.55,-6.47,-1.75
2006-02-07,341.89,269.08,278.3,-20.72,-5.71
2006-02-08,350.6,269.32,278.35,8.71,2.55
2006-02-09,343.32,269.54,278.4,-7.28,-2.08
2006-02-10,346.0,269.76,278.99,2.68,0.78
2006-02-13,366.46,270.04,279.58,20.46,5.91
2006-02-14,372.14,270.34,279.92,5.68,1.55
2006-02-15,366.59,270.61,280.26,-5.55,-1.49
2006-02-16,368.95,270.9,280.38,2.36,0.64
2006-02-17,378.07,271.2,280.5,9.12,2.47
2006-02-21,380.07,271.51,280.99,2.0,0.53
2006-02-22,377.3,271.82,281.47,-2.77,-0.73
2006-02-23,390.38,272.15,282.03,13.08,3.47
2006-02-24,397.54,272.51,282.59,7.16,1.83
2006-02-27,364.8,272.77,283.32,-32.74,-8.24
2006-02-28,381.1,273.07,284.05,16.3,4.47
2006-03-01,378.18,273.37,284.4,-2.92,-0.77
2006-03-02,383.4,273.68,284.75,5.22,1.38
2006-03-03,364.45,273.93,284.88,-18.95,-4.94
2006-03-06,360.03,274.17,285.02,-4.42,-1.21
2006-03-07,343.0,274.36,285.06,-17.03,-4.73
2006-03-08,344.5,274.56,285.1,1.5,0.44
2006-03-09,337.06,274.73,285.55,-7.44,-2.16
2006-03-10,344.5,274.92,286.0,7.44,2.21
2006-03-13,348.75,275.12,286.15,4.25,1.23
2006-03-14,339.79,275.3,286.31,-8.96,-2.57
2006-03-15,350.09,275.5,286.79,10.3,3.03
2006-03-16,339.92,275.68,287.28,-10.17,-2.9
2006-03-17,344.1,275.87,287.39,4.18,1.23
2006-03-20,341.89,276.05,287.5,-2.21,-0.64
2006-03-21,370.09,276.3,287.59,28.2,8.25
2006-03-22,369.69,276.55,287.67,-0.4,-0.11
2006-03-23,377.86,276.82,287.73,8.17,2.21
2006-03-24,394.98,277.14,287.79,17.12,4.53
2006-03-27,391.87,277.45,287.81,-3.11,-0.79
2006-03-28,392.47,277.75,287.84,0.6,0.15
2006-03-29,404.34,278.09,288.14,11.87,3.02
2006-03-30,388.14,278.38,288.45,-16.2,-4.01
2006-03-31,414.57,278.74,288.45,26.43,6.81
2006-04-03,411.18,279.09,288.45,-3.39,-0.82
2006-04-04,412.85,279.44,288.92,1.67,0.41
2006-04-05,419.1,279.81,289.39,6.25,1.51
2006-04-06,408.95,280.15,289.39,-10.15,-2.42
2006-04-07,409.76,280.49,289.39,0.81,0.2
2006-04-10,406.82,280.82,289.45,-2.94,-0.72
2006-04-11,409.83,281.15,289.51,3.01,0.74
2006-04-12,437.1,281.56,289.61,27.27,6.65
2006-04-13,444.7,281.98,289.71,7.6,1.74
2006-04-17,427.16,282.35,289.75,-17.54,-3.94
2006-04-18,430.04,282.73,289.78,2.88,0.67
2006-04-19,420.03,283.08,289.99,-10.01,-2.33
2006-04-20,425.73,283.45,290.2,5.7,1.36
2006-04-21,398.9,283.74,290.86,-26.83,-6.3
2006-04-24,402.49,284.04,291.52,3.59,0.9
2006-04-25,394.17,284.32,291.54,-8.32,-2.07
2006-04-26,392.21,284.6,291.57,-1.96,-0.5
2006-04-27,398.87,284.89,291.59,6.66,1.7
2006-04-28,394.3,285.16,291.61,-4.57,-1.15
2006-05-01,397.12,285.44,291.69,2.82,0.72
2006-05-02,408.8,285.75,291.78,11.68,2.94
2006-05-03,411.71,286.07,291.93,2.91,0.71
2006-05-04,384.87,286.31,292.09,-26.84,-6.52
2006-05-05,376.2,286.54,292.2,-8.67,-2.25
2006-05-08,376.86,286.76,292.32,0.66,0.18
2006-05-09,375.99,286.98,292.32,-0.87,-0.23
2006-05-10,381.81,287.22,292.33,5.82,1.55
2006-05-11,370.02,287.42,292.34,-11.79,-3.09
2006-05-12,373.03,287.63,292.35,3.01,0.81
2006-05-15,375.58,287.85,292.54,2.55,0.68
2006-05-16,383.44,288.08,292.72,7.86,2.09
2006-05-17,385.88,288.32,292.78,2.44,0.64
2006-05-18,371.94,288.52,292.84,-13.94,-3.61
2006-05-19,381.0,288.75,292.98,9.06,2.44
2006-05-22,378.25,288.96,293.12,-2.75,-0.72
2006-05-23,382.62,289.19,293.15,4.37,1.16
2006-05-24,387.08,289.42,293.19,4.46,1.17
2006-05-25,394.27,289.68,293.35,7.19,1.86
2006-05-26,386.57,289.91,293.5,-7.7,-1.95
2006-05-30,381.0,290.13,293.62,-5.57,-1.44
2006-05-31,386.52,290.36,293.75,5.52,1.45
2006-06-01,391.0,290.6,294.31,4.48,1.16
2006-06-02,390.93,290.83,294.87,-0.07,-0.02
2006-06-05,388.14,291.07,295.26,-2.79,-0.71
2006-06-06,391.87,291.3,295.65,3.73,0.96
2006-06-07,402.13,291.56,295.73,10.26,2.62
2006-06-08,404.86,291.83,295.8,2.73,0.68
2006-06-09,408.3,292.1,295.89,3.44,0.85
2006-06-12,402.32,292.36,295.98,-5.98,-1.46
2006-06-13,406.48,292.63,296.03,4.16,1.03
2006-06-14,417.81,292.92,296.09,11.33,2.79
2006-06-15,418.2,293.21,296.16,0.39,0.09
2006-06-16,419.33,293.51,296.23,1.13,0.27
2006-06-19,419.33,293.8,296.42,0.0,0.0
2006-06-20,423.2,294.1,296.6,3.87,0.92
2006-06-21,422.8,294.39,296.95,-0.4,-0.09
2006-06-22,423.19,294.69,297.3,0.39,0.09
2006-06-23,427.89,294.99,297.3,4.7,1.11
2006-06-26,418.2,295.28,297.3,-9.69,-2.26
2006-06-27,425.05,295.57,297.37,6.85,1.64
2006-06-28,417.25,295.85,297.44,-7.8,-1.84
2006-06-29,418.34,296.13,297.84,1.09,0.26
2006-06-30,403.5,296.37,298.23,-14.84,-3.55
2006-07-03,411.0,296.63,298.58,7.5,1.86
2006-07-05,401.14,296.87,298.93,-9.86,-2.4
2006-07-06,387.12,297.07,299.01,-14.02,-3.5
2006-07-07,391.75,297.28,299.09,4.63,1.2
2006-07-10,390.9,297.49,299.16,-0.85,-0.22
2006-07-11,391.31,297.7,299.24,0.41,0.1
2006-07-12,385.5,297.9,299.26,-5.81,-1.48
2006-07-13,377.95,298.08,299.28,-7.55,-1.96
2006-07-14,387.49,298.27,299.41,9.54,2.52
2006-07-17,388.12,298.47,299.54,0.63,0.16
2006-07-18,389.17,298.67,299.88,1.05,0.27
2006-07-19,377.17,298.85,300.23,-12.0,-3.08
2006-07-20,375.39,299.02,300.56,-1.78,-0.47
2006-07-21,380.68,299.2,300.89,5.29,1.41
2006-07-24,377.95,299.37,300.93,-2.73,-0.72
2006-07-25,381.0,299.55,300.97,3.05,0.81
2006-07-26,384.5,299.73,301.69,3.5,0.92
2006-07-27,377.67,299.9,302.4,-6.83,-1.78
2006-07-28,368.5,300.05,302.51,-9.17,-2.43
2006-07-31,375.13,300.21,302.62,6.63,1.8
2006-08-01,380.97,300.39,302.96,5.84,1.56
2006-08-02,388.45,300.58,303.29,7.48,1.96
2006-08-03,385.8,300.76,303.35,-2.65,-0.68
2006-08-04,387.09,300.95,303.4,1.29,0.33
2006-08-07,377.3,301.11,303.6,-9.79,-2.53
2006-08-08,379.26,301.28,303.79,1.96,0.52
2006-08-09,373.43,301.43,303.95,-5.83,-1.54
2006-08-10,376.4,301.59,304.1,2.97,0.8
2006-08-11,373.26,301.75,304.3,-3.14,-0.83
2006-08-14,380.95,301.91,304.5,7.69,2.06
2006-08-15,380.95,302.08,304.75,0.0,0.0
2006-08-16,378.95,302.24,305.0,-2.0,-0.53
2006-08-17,384.65,302.42,305.55,5.7,1.5
2006-08-18,378.53,302.58,306.1,-6.12,-1.59
2006-08-21,381.28,302.74,306.64,2.75,0.73
2006-08-22,384.36,302.92,307.19,3.08,0.81
2006-08-23,383.19,303.08,307.57,-1.17,-0.3
2006-08-24,378.49,303.24,307.96,-4.7,-1.23
2006-08-25,380.79,303.4,308.33,2.3,0.61
2006-08-28,384.09,303.57,308.7,3.3,0.87
2006-08-29,392.73,303.76,309.16,8.64,2.25
2006-08-30,406.57,303.97,309.62,13.84,3.52
2006-08-31,403.98,304.17,309.89,-2.59,-0.64
2006-09-01,406.28,304.39,310.17,2.3,0.57
2006-09-05,409.88,304.6,310.26,3.6,0.89
2006-09-06,418.69,304.84,310.35,8.81,2.15
2006-09-07,403.81,305.04,310.53,-14.88,-3.55
2006-09-08,407.39,305.25,310.71,3.58,0.89
2006-09-11,406.85,305.46,310.86,-0.54,-0.13
2006-09-12,407.45,305.66,311.0,0.6,0.15
2006-09-13,403.98,305.86,311.06,-3.47,-0.85
2006-09-14,407.68,306.07,311.13,3.7,0.92
2006-09-15,402.92,306.27,311.22,-4.76,-1.17
2006-09-18,406.98,306.47,311.3,4.06,1.01
2006-09-19,404.04,306.67,311.36,-2.94,-0.72
2006-09-20,415.77,306.89,311.42,11.73,2.9
2006-09-21,411.81,307.1,311.55,-3.96,-0.95
2006-09-22,421.91,307.33,311.68,10.1,2.45
2006-09-25,429.0,307.57,311.79,7.09,1.68
2006-09-26,437.85,307.83,311.9,8.85,2.06
2006-09-27,426.5,308.07,311.95,-11.35,-2.59
2006-09-28,429.68,308.31,312.0,3.18,0.75
2006-09-29,427.3,308.54,312.35,-2.38,-0.55
2006-10-02,429.2,308.78,312.69,1.9,0.44
2006-10-03,427.7,309.02,312.84,-1.5,-0.35
2006-10-04,420.64,309.24,312.99,-7.06,-1.65
2006-10-05,424.75,309.47,313.0,4.11,0.98
2006-10-06,426.06,309.69,313.0,1.31,0.31
2006-10-09,460.1,309.99,313.14,34.04,7.99
2006-10-10,480.78,310.32,313.28,20.68,4.49
2006-10-11,462.28,310.62,313.61,-18.5,-3.85
2006-10-12,477.86,310.95,313.94,15.58,3.37
2006-10-13,486.6,311.29,313.94,8.74,1.83
2006-10-16,488.5,311.63,313.94,1.9,0.39
2006-10-17,491.96,311.98,314.21,3.46,0.71
2006-10-18,475.2,312.3,314.48,-16.76,-3.41
2006-10-19,470.01,312.6,314.65,-5.19,-1.09
2006-10-20,476.39,312.92,314.82,6.38,1.36
2006-10-23,479.13,313.24,314.86,2.74,0.58
2006-10-24,469.91,313.54,314.9,-9.22,-1.92
2006-10-25,476.95,313.85,315.0,7.04,1.5
2006-10-26,476.95,314.16,315.1,0.0,0.0
2006-10-27,479.49,314.48,315.23,2.54,0.53
2006-10-30,473.55,314.78,315.36,-5.94,-1.24
2006-10-31,474.14,315.08,316.43,0.59,0.12
2006-11-01,481.17,315.4,317.5,7.03,1.48
2006-11-02,489.3,315.73,317.65,8.13,1.69
2006-11-03,499.85,316.08,317.8,10.55,2.16
2006-11-06,495.9,316.42,318.24,-3.95,-0.79
2006-11-07,499.66,316.76,318.68,3.76,0.76
2006-11-08,495.05,317.1,318.95,-4.61,-0.92
2006-11-09,508.01,317.45,319.22,12.96,2.62
2006-11-10,510.97,317.82,320.09,2.96,0.58
2006-11-13,505.0,318.17,320.95,-5.97,-1.17
2006-11-14,504.5,318.51,321.12,-0.5,-0.1
2006-11-15,484.75,318.82,321.28,-19.75,-3.91
2006-11-16,484.75,319.13,329.17,0.0,0.0
2006-11-17,489.86,319.45,337.06,5.11,1.05
2006-11-20,484.65,319.76,338.43,-5.21,-1.06
2006-11-21,484.81,320.06,339.79,0.16,0.03
2006-11-22,490.4,320.37,339.85,5.59,1.15
2006-11-24,480.8,320.67,339.9,-9.6,-1.96
2006-11-27,484.85,320.97,339.91,4.05,0.84
2006-11-28,492.4,321.29,339.92,7.55,1.56
2006-11-29,488.6,321.59,340.9,-3.8,-0.77
2006-11-30,483.93,321.89,341.89,-4.67,-0.96
2006-12-01,486.36,322.19,341.89,2.43,0.5
2006-12-04,478.99,322.48,341.89,-7.37,-1.52
2006-12-05,480.3,322.76,342.44,1.31,0.27
2006-12-06,482.74,323.05,343.0,2.44,0.51
2006-12-07,468.63,323.32,343.16,-14.11,-2.92
2006-12-08,458.64,323.56,343.32,-9.99,-2.13
2006-12-11,457.53,323.8,343.71,-1.11,-0.24
2006-12-12,459.1,324.05,344.1,1.57,0.34
2006-12-13,468.08,324.31,344.3,8.98,1.96
2006-12-14,462.56,324.55,344.5,-5.52,-1.18
2006-12-15,464.47,324.8,344.5,1.91,0.41
2006-12-18,466.0,325.06,344.5,1.53,0.33
2006-12-19,483.95,325.34,345.25,17.95,3.85
2006-12-20,489.87,325.63,346.0,5.92,1.22
2006-12-21,493.55,325.93,346.46,3.68,0.75
2006-12-22,505.0,326.25,346.91,11.45,2.32
2006-12-26,505.0,326.57,347.83,0.0,0.0
2006-12-27,504.28,326.88,348.75,-0.72,-0.14
2006-12-28,507.77,327.2,349.02,3.49,0.69
2006-12-29,487.83,327.49,349.3,-19.94,-3.93
2007-01-03,490.76,327.77,349.69,2.93,0.6
2007-01-04,480.84,328.04,350.09,-9.92,-2.02
2007-01-05,484.75,328.32,350.35,3.91,0.81
2007-01-08,499.07,328.62,350.6,14.32,2.95
2007-01-09,504.5,328.92,351.83,5.43,1.09
2007-01-10,501.0,329.22,353.06,-3.5,-0.69
2007-01-11,495.84,329.51,354.53,-5.16,-1.03
2007-01-12,498.75,329.81,356.0,2.91,0.59
2007-01-16,494.32,330.09,358.01,-4.43,-0.89
2007-01-17,505.0,330.4,360.03,10.68,2.16
2007-01-18,481.75,330.66,361.32,-23.25,-4.6
2007-01-19,506.0,330.96,362.61,24.25,5.03
2007-01-22,467.16,331.2,363.53,-38.84,-7.68
2007-01-23,470.01,331.44,364.45,2.85,0.61
2007-01-24,461.89,331.66,364.62,-8.12,-1.73
2007-01-25,472.68,331.9,364.8,10.79,2.34
2007-01-26,462.39,332.12,365.63,-10.29,-2.18
2007-01-29,459.1,332.34,366.46,-3.29,-0.71
2007-01-30,457.26,332.56,366.52,-1.84,-0.4
2007-01-31,461.47,332.77,366.59,4.21,0.92
2007-02-01,466.0,333.0,367.54,4.53,0.98
2007-02-02,470.15,333.23,368.5,4.15,0.89
2007-02-05,472.1,333.47,368.73,1.95,0.41
2007-02-06,475.86,333.71,368.95,3.76,0.8
2007-02-07,478.68,333.96,369.01,2.82,0.59
2007-02-08,475.85,334.19,369.08,-2.83,-0.59
2007-02-09,476.95,334.44,369.38,1.1,0.23
2007-02-12,464.93,334.65,369.69,-12.02,-2.52
2007-02-13,459.8,334.86,369.86,-5.13,-1.1
2007-02-14,449.45,335.06,370.02,-10.35,-2.25
2007-02-15,438.68,335.23,370.05,-10.77,-2.4
2007-02-16,438.68,335.4,370.09,0.0,0.0
2007-02-20,445.5,335.59,371.01,6.82,1.55
2007-02-21,457.55,335.79,371.94,12.05,2.7
2007-02-22,463.14,336.0,372.04,5.59,1.22
2007-02-23,454.72,336.2,372.14,-8.42,-1.82
2007-02-26,458.4,336.4,372.14,3.68,0.81
2007-02-27,454.75,336.6,372.14,-3.65,-0.8
2007-02-28,451.93,336.79,372.58,-2.82,-0.62
2007-03-01,449.82,336.97,373.03,-2.11,-0.47
2007-03-02,440.85,337.14,373.14,-8.97,-1.99
2007-03-05,448.5,337.33,373.26,7.65,1.74
2007-03-06,456.57,337.52,373.35,8.07,1.8
2007-03-07,462.04,337.72,373.43,5.47,1.2
2007-03-08,463.39,337.93,374.28,1.35,0.29
2007-03-09,465.23,338.14,375.13,1.84,0.4
2007-03-12,461.88,338.34,375.26,-3.35,-0.72
2007-03-13,466.0,338.55,375.39,4.12,0.89
2007-03-14,458.16,338.74,375.49,-7.84,-1.68
2007-03-15,458.53,338.93,375.58,0.37,0.08
2007-03-16,458.53,339.13,375.78,0.0,0.0
2007-03-19,472.6,339.34,375.99,14.07,3.07
2007-03-20,473.0,339.56,376.1,0.4,0.08
2007-03-21,472.14,339.77,376.2,-0.86,-0.18
2007-03-22,473.0,339.99,376.3,0.86,0.18
2007-03-23,469.4,340.2,376.4,-3.6,-0.76
2007-03-26,466.06,340.4,376.63,-3.34,-0.71
2007-03-27,467.39,340.6,376.86,1.33,0.29
2007-03-28,468.77,340.8,377.01,1.38,0.3
2007-03-29,474.27,341.02,377.17,5.5,1.17
2007-03-30,476.39,341.23,377.17,2.12,0.45
2007-04-02,476.01,341.45,377.17,-0.38,-0.08
2007-04-03,481.95,341.67,377.24,5.94,1.25
2007-04-04,490.52,341.91,377.3,8.57,1.78
2007-04-05,477.53,342.12,377.3,-12.99,-2.65
2007-04-09,481.37,342.34,377.3,3.84,0.8
2007-04-10,477.11,342.55,377.49,-4.26,-0.88
2007-04-11,482.4,342.77,377.67,5.29,1.11
2007-04-12,474.07,342.98,377.76,-8.33,-1.73
2007-04-13,471.12,343.18,377.86,-2.95,-0.62
2007-04-16,472.82,343.38,377.9,1.7,0.36
2007-04-17,472.14,343.59,377.95,-0.68,-0.14
2007-04-18,466.81,343.78,377.95,-5.33,-1.13
2007-04-19,471.73,343.98,377.95,4.92,1.05
2007-04-20,461.47,344.16,378.01,-10.26,-2.17
2007-04-23,467.0,344.35,378.07,5.53,1.2
2007-04-24,461.78,344.53,378.12,-5.22,-1.12
2007-04-25,462.54,344.72,378.18,0.76,0.16
2007-04-26,472.61,344.92,378.22,10.07,2.18
2007-04-27,475.22,345.12,378.25,2.61,0.55
2007-04-30,470.32,345.31,378.37,-4.9,-1.03
2007-05-01,475.86,345.51,378.49,5.54,1.18
2007-05-02,473.0,345.71,378.51,-2.86,-0.6
2007-05-03,473.0,345.9,378.53,0.0,0.0
2007-05-04,483.41,346.11,378.74,10.41,2.2
2007-05-07,474.33,346.31,378.95,-9.08,-1.88
2007-05-08,487.11,346.53,379.11,12.78,2.69
2007-05-09,498.84,346.76,379.26,11.73,2.41
2007-05-10,505.02,347.0,379.47,6.18,1.24
2007-05-11,501.0,347.23,379.68,-4.02,-0.8
2007-05-14,507.07,347.48,379.88,6.07,1.21
2007-05-15,518.25,347.74,380.07,11.18,2.2
2007-05-16,512.51,347.99,380.38,-5.74,-1.11
2007-05-17,519.75,348.25,380.68,7.24,1.41
2007-05-18,515.49,348.5,380.74,-4.26,-0.82
2007-05-21,518.25,348.75,380.79,2.76,0.54
2007-05-22,504.77,348.99,380.87,-13.48,-2.6
2007-05-23,508.54,349.23,380.95,3.77,0.75
2007-05-24,502.84,349.46,380.95,-5.7,-1.12
2007-05-25,515.2,349.71,380.95,12.36,2.46
2007-05-29,509.97,349.95,380.96,-5.23,-1.02
2007-05-30,515.29,350.2,380.97,5.32,1.04
2007-05-31,524.98,350.46,380.99,9.69,1.88
2007-06-01,530.26,350.72,381.0,5.28,1.01
2007-06-04,533.2,351.0,381.0,2.94,0.55
2007-06-05,527.99,351.26,381.0,-5.21,-0.98
2007-06-06,525.01,351.52,381.0,-2.98,-0.56
2007-06-07,534.4,351.79,381.0,9.39,1.79
2007-06-08,541.63,352.07,381.05,7.23,1.35
2007-06-11,543.87,352.35,381.1,2.24,0.41
2007-06-12,544.47,352.63,381.19,0.6,0.11
2007-06-13,547.32,352.92,381.28,2.85,0.52
2007-06-14,555.0,353.22,381.54,7.68,1.4
2007-06-15,554.5,353.51,381.81,-0.5,-0.09
2007-06-18,548.59,353.8,382.22,-5.91,-1.07
2007-06-19,523.18,354.05,382.62,-25.41,-4.63
2007-06-20,512.51,354.28,382.9,-10.67,-2.04
2007-06-21,509.76,354.51,383.19,-2.75,-0.54
2007-06-22,512.59,354.74,383.29,2.83,0.56
2007-06-25,511.89,354.97,383.4,-0.7,-0.14
2007-06-26,516.51,355.2,383.42,4.62,0.9
2007-06-27,513.2,355.43,383.44,-3.31,-0.64
2007-06-28,510.15,355.65,383.57,-3.05,-0.59
2007-06-29,515.75,355.89,383.7,5.6,1.1
2007-07-02,519.75,356.12,383.8,4.0,0.78
2007-07-03,511.69,356.35,383.9,-8.06,-1.55
2007-07-05,491.52,356.54,384.0,-20.17,-3.94
2007-07-06,501.0,356.75,384.09,9.48,1.93
2007-07-09,497.92,356.95,384.23,-3.08,-0.61
2007-07-10,508.16,357.17,384.36,10.24,2.06
2007-07-11,512.75,357.39,384.43,4.59,0.9
2007-07-12,509.25,357.61,384.5,-3.5,-0.68
2007-07-13,516.25,357.84,384.57,7.0,1.37
2007-07-16,516.13,358.06,384.65,-0.12,-0.02
2007-07-17,511.4,358.28,384.76,-4.73,-0.92
2007-07-18,517.45,358.51,384.87,6.05,1.18
2007-07-19,506.4,358.72,384.99,-11.05,-2.14
2007-07-20,513.3,358.94,385.1,6.9,1.36
2007-07-23,511.4,359.15,385.3,-1.9,-0.37
2007-07-24,525.15,359.39,385.5,13.75,2.69
2007-07-25,529.48,359.63,385.65,4.33,0.82
2007-07-26,523.52,359.86,385.8,-5.96,-1.13
2007-07-27,514.48,360.08,385.84,-9.04,-1.73
2007-07-30,510.88,360.29,385.88,-3.6,-0.7
2007-07-31,522.65,360.52,385.91,11.77,2.3
2007-08-01,527.21,360.75,385.95,4.56,0.87
2007-08-02,528.75,360.99,386.24,1.54,0.29
2007-08-03,529.28,361.22,386.52,0.53,0.1
2007-08-06,535.27,361.46,386.54,5.99,1.13
2007-08-07,549.45,361.73,386.57,14.18,2.65
2007-08-08,560.79,362.0,386.57,11.34,2.06
2007-08-09,568.16,362.29,386.58,7.37,1.31
2007-08-10,571.74,362.58,386.83,3.58,0.63
2007-08-13,567.27,362.87,387.08,-4.47,-0.78
2007-08-14,584.35,363.17,387.08,17.08,3.01
2007-08-15,584.39,363.48,387.09,0.04,0.01
2007-08-16,588.99,363.79,387.11,4.6,0.79
2007-08-17,586.25,364.1,387.12,-2.74,-0.47
2007-08-20,579.03,364.39,387.31,-7.22,-1.23
2007-08-21,623.78,364.75,387.49,44.75,7.73
2007-08-22,625.39,365.11,387.81,1.61,0.26
2007-08-23,641.41,365.49,388.12,16.02,2.56
2007-08-24,637.39,365.86,388.13,-4.02,-0.63
2007-08-27,639.86,366.23,388.14,2.47,0.39
2007-08-28,616.0,366.57,388.14,-23.86,-3.73
2007-08-29,611.99,366.91,388.14,-4.01,-0.65
2007-08-30,639.62,367.28,388.22,27.63,4.51
2007-08-31,628.5,367.64,388.29,-11.12,-1.74
2007-09-04,658.49,368.03,388.37,29.99,4.77
2007-09-05,650.75,368.42,388.45,-7.74,-1.18
2007-09-06,660.0,368.81,388.81,9.25,1.42
2007-09-07,677.6,369.23,389.17,17.6,2.67
2007-09-10,675.82,369.64,389.77,-1.78,-0.26
2007-09-11,678.97,370.06,390.38,3.15,0.47
2007-09-12,674.6,370.47,390.4,-4.37,-0.64
2007-09-13,694.77,370.91,390.43,20.17,2.99
2007-09-14,707.0,371.36,390.66,12.23,1.76
2007-09-17,707.0,371.81,390.9,0.0,0.0
2007-09-18,703.21,372.25,390.91,-3.79,-0.54
2007-09-19,702.79,372.7,390.93,-0.42,-0.06
2007-09-20,713.58,373.15,390.97,10.79,1.54
2007-09-21,725.65,373.62,391.0,12.07,1.69
2007-09-24,741.79,374.11,391.15,16.14,2.22
2007-09-25,741.79,374.6,391.31,0.0,0.0
2007-09-26,732.94,375.08,391.53,-8.85,-1.19
2007-09-27,734.89,375.56,391.75,1.95,0.27
2007-09-28,669.93,375.95,391.81,-64.96,-8.84
2007-10-01,660.55,376.32,391.87,-9.38,-1.4
2007-10-02,675.49,376.72,391.87,14.94,2.26
2007-10-03,629.65,377.05,391.87,-45.84,-6.79
2007-10-04,624.0,377.38,392.04,-5.65,-0.9
2007-10-05,635.49,377.72,392.21,11.49,1.84
2007-10-08,625.85,378.05,392.34,-9.64,-1.52
2007-10-09,659.1,378.42,392.47,33.25,5.31
2007-10-10,660.52,378.79,392.6,1.42,0.22
2007-10-11,678.28,379.18,392.73,17.76,2.69
2007-10-12,666.0,379.55,393.31,-12.28,-1.81
2007-10-15,676.43,379.94,393.9,10.43,1.57
2007-10-16,692.26,380.35,394.03,15.83,2.34
2007-10-17,702.79,380.77,394.17,10.53,1.52
2007-10-18,693.0,381.18,394.22,-9.79,-1.39
2007-10-19,684.16,381.57,394.27,-8.84,-1.28
2007-10-22,698.93,381.98,394.28,14.77,2.16
2007-10-23,715.26,382.41,394.3,16.33,2.34
2007-10-24,718.0,382.85,394.64,2.74,0.38
2007-10-25,718.42,383.28,394.98,0.42,0.06
2007-10-26,720.99,383.72,395.51,2.57,0.36
2007-10-29,699.35,384.13,396.04,-21.64,-3.0
2007-10-30,697.62,384.53,396.47,-1.73,-0.25
2007-10-31,689.96,384.92,396.9,-7.66,-1.1
2007-11-01,695.42,385.32,396.94,5.46,0.79
2007-11-02,673.35,385.69,396.97,-22.07,-3.17
2007-11-05,689.69,386.08,397.05,16.34,2.43
2007-11-06,699.26,386.48,397.12,9.57,1.39
2007-11-07,713.22,386.9,397.3,13.96,2.0
2007-11-08,707.95,387.31,397.47,-5.27,-0.74
2007-11-09,691.48,387.7,397.5,-16.47,-2.33
2007-11-12,697.37,388.09,397.54,5.89,0.85
2007-11-13,685.33,388.47,397.85,-12.04,-1.73
2007-11-14,680.96,388.84,398.15,-4.37,-0.64
2007-11-15,649.25,389.17,398.51,-31.71,-4.66
2007-11-16,659.96,389.52,398.87,10.71,1.65
2007-11-19,653.2,389.85,398.88,-6.76,-1.02
2007-11-20,657.2,390.19,398.9,4.0,0.61
2007-11-21,638.25,390.5,399.55,-18.95,-2.88
2007-11-23,657.4,390.84,400.21,19.15,3.0
2007-11-26,637.65,391.15,400.67,-19.75,-3.0
2007-11-27,639.99,391.46,401.14,2.34,0.37
2007-11-28,600.79,391.73,401.57,-39.2,-6.13
2007-11-29,600.25,391.99,402.0,-0.54,-0.09
2007-11-30,609.99,392.26,402.06,9.74,1.62
2007-12-03,584.35,392.5,402.13,-25.64,-4.2
2007-12-04,574.49,392.73,402.23,-9.86,-1.69
2007-12-05,555.98,392.93,402.32,-18.51,-3.22
2007-12-06,548.27,393.13,402.4,-7.71,-1.39
2007-12-07,515.9,393.28,402.49,-32.37,-5.9
2007-12-10,512.78,393.43,402.71,-3.12,-0.6
2007-12-11,506.8,393.57,402.92,-5.98,-1.17
2007-12-12,488.52,393.69,403.21,-18.28,-3.61
2007-12-13,511.17,393.83,403.5,22.65,4.64
2007-12-14,504.95,393.97,403.52,-6.22,-1.22
2007-12-17,517.73,394.12,403.54,12.78,2.53
2007-12-18,521.16,394.28,403.68,3.43,0.66
2007-12-19,530.6,394.45,403.81,9.44,1.81
2007-12-20,534.62,394.62,403.81,4.02,0.76
2007-12-21,541.04,394.8,403.81,6.42,1.2
2007-12-24,529.64,394.97,403.89,-11.4,-2.11
2007-12-26,506.5,395.1,403.98,-23.14,-4.37
2007-12-27,535.06,395.27,403.98,28.56,5.64
2007-12-28,513.21,395.42,403.98,-21.85,-4.08
2007-12-31,507.8,395.56,404.01,-5.41,-1.05
2008-01-02,506.5,395.69,404.04,-1.3,-0.26
2008-01-03,464.19,395.78,404.19,-42.31,-8.35
2008-01-04,475.49,395.87,404.34,11.3,2.43
2008-01-07,475.39,395.97,404.6,-0.1,-0.02
2008-01-08,479.74,396.07,404.86,4.35,0.92
2008-01-09,457.02,396.14,405.36,-22.72,-4.74
2008-01-10,453.36,396.21,405.85,-3.66,-0.8
2008-01-11,447.7,396.28,406.06,-5.66,-1.25
2008-01-14,453.3,396.35,406.28,5.6,1.25
2008-01-15,433.35,396.39,406.38,-19.95,-4.4
2008-01-16,431.0,396.43,406.48,-2.35,-0.54
2008-01-17,439.84,396.48,406.52,8.84,2.05
2008-01-18,443.01,396.54,406.57,3.17,0.72
2008-01-22,449.34,396.6,406.69,6.33,1.43
2008-01-23,419.87,396.63,406.82,-29.47,-6.56
2008-01-24,440.84,396.68,406.84,20.97,4.99
2008-01-25,432.0,396.73,406.85,-8.84,-2.01
2008-01-28,435.7,396.77,406.92,3.7,0.86
2008-01-29,460.56,396.85,406.98,24.86,5.71
2008-01-30,457.47,396.92,407.19,-3.09,-0.67
2008-01-31,458.19,396.99,407.39,0.72,0.16
2008-02-01,448.61,397.06,407.42,-9.58,-2.09
2008-02-04,438.08,397.11,407.45,-10.53,-2.35
2008-02-05,442.69,397.16,407.56,4.61,1.05
2008-02-06,465.71,397.24,407.68,23.02,5.2
2008-02-07,475.74,397.33,407.99,10.03,2.15
2008-02-08,455.12,397.4,408.3,-20.62,-4.33
2008-02-11,463.29,397.48,408.55,8.17,1.8
2008-02-12,476.82,397.57,408.8,13.53,2.92
2008-02-13,474.14,397.66,408.88,-2.68,-0.56
2008-02-14,464.19,397.74,408.95,-9.95,-2.1
2008-02-15,473.86,397.83,409.07,9.67,2.08
2008-02-19,457.45,397.9,409.2,-16.41,-3.46
2008-02-20,464.07,397.98,409.2,6.62,1.45
2008-02-21,457.45,398.05,409.2,-6.62,-1.43
2008-02-22,446.84,398.11,409.48,-10.61,-2.32
2008-02-25,458.28,398.18,409.76,11.44,2.56
2008-02-26,449.54,398.24,409.79,-8.74,-1.91
2008-02-27,547.7,398.41,409.83,98.16,21.84
2008-02-28,555.0,398.59,409.86,7.3,1.33
2008-02-29,560.83,398.78,409.88,5.83,1.05
2008-03-03,546.49,398.95,409.93,-14.34,-2.56
2008-03-04,554.49,399.13,409.98,8.0,1.46
2008-03-05,544.06,399.3,410.31,-10.43,-1.88
2008-03-06,539.0,399.46,410.65,-5.06,-0.93
2008-03-07,556.81,399.65,410.65,17.81,3.3
2008-03-10,584.86,399.86,410.65,28.05,5.04
2008-03-11,593.08,400.08,410.82,8.22,1.41
2008-03-12,602.45,400.32,411.0,9.37,1.58
2008-03-13,594.9,400.54,411.09,-7.55,-1.25
2008-03-14,598.86,400.77,411.18,3.96,0.67
2008-03-17,583.0,400.98,411.44,-15.86,-2.65
2008-03-18,589.3,401.2,411.71,6.3,1.08
2008-03-19,586.75,401.41,411.76,-2.55,-0.43
2008-03-20,583.0,401.62,411.81,-3.75,-0.64
2008-03-24,591.19,401.83,412.33,8.19,1.4
2008-03-25,581.0,402.04,412.85,-10.19,-1.72
2008-03-26,580.07,402.24,413.47,-0.93,-0.16
2008-03-27,584.68,402.45,414.09,4.61,0.79
2008-03-28,577.52,402.65,414.33,-7.16,-1.22
2008-03-31,582.48,402.85,414.57,4.96,0.86
2008-04-01,549.99,403.02,414.72,-32.49,-5.58
2008-04-02,544.62,403.18,414.86,-5.37,-0.98
2008-04-03,562.6,403.36,415.03,17.98,3.3
2008-04-04,568.24,403.55,415.21,5.64,1.0
2008-04-07,583.0,403.75,415.49,14.76,2.6
2008-04-08,585.88,403.96,415.77,2.88,0.49
2008-04-09,585.8,404.16,416.09,-0.08,-0.01
2008-04-10,583.89,404.37,416.41,-1.91,-0.33
2008-04-11,586.3,404.57,416.44,2.41,0.41
2008-04-14,580.72,404.77,416.47,-5.58,-0.95
2008-04-15,557.87,404.94,416.86,-22.85,-3.93
2008-04-16,558.82,405.11,417.25,0.95,0.17
2008-04-17,545.2,405.27,417.37,-13.62,-2.44
2008-04-18,552.95,405.44,417.49,7.75,1.42
2008-04-21,558.0,405.61,417.65,5.05,0.91
2008-04-22,571.51,405.79,417.81,13.51,2.42
2008-04-23,579.1,405.99,418.0,7.59,1.33
2008-04-24,568.99,406.17,418.2,-10.11,-1.75
2008-04-25,564.51,406.34,418.2,-4.48,-0.79
2008-04-28,560.2,406.51,418.2,-4.31,-0.76
2008-04-29,545.21,406.67,418.27,-14.99,-2.68
2008-04-30,551.19,406.83,418.34,5.98,1.1
2008-05-01,551.0,406.99,418.51,-0.19,-0.03
2008-05-02,544.93,407.14,418.69,-6.07,-1.1
2008-05-05,544.1,407.29,418.89,-0.83,-0.15
2008-05-06,528.07,407.43,419.1,-16.03,-2.95
2008-05-07,526.42,407.56,419.22,-1.65,-0.31
2008-05-08,534.73,407.7,419.33,8.31,1.58
2008-05-09,540.38,407.84,419.33,5.65,1.06
2008-05-12,535.6,407.98,419.33,-4.78,-0.88
2008-05-13,549.0,408.14,419.43,13.4,2.5
2008-05-14,554.53,408.3,419.53,5.53,1.01
2008-05-15,545.99,408.45,419.63,-8.54,-1.54
2008-05-16,555.68,408.61,419.73,9.69,1.77
2008-05-19,540.57,408.76,419.8,-15.11,-2.72
2008-05-20,539.5,408.9,419.87,-1.07,-0.2
2008-05-21,521.62,409.02,419.95,-17.88,-3.31
2008-05-22,539.0,409.16,420.03,17.38,3.33
2008-05-23,535.6,409.3,420.33,-3.4,-0.63
2008-05-27,537.05,409.44,420.64,1.45,0.27
2008-05-28,481.32,409.52,421.27,-55.73,-10.38
2008-05-29,484.09,409.6,421.91,2.77,0.58
2008-05-30,477.11,409.67,422.23,-6.98,-1.44
2008-06-02,497.23,409.77,422.55,20.12,4.22
2008-06-03,493.13,409.86,422.68,-4.1,-0.82
2008-06-04,477.12,409.93,422.8,-16.01,-3.25
2008-06-05,487.26,410.01,423.0,10.14,2.13
2008-06-06,482.7,410.09,423.19,-4.56,-0.94
2008-06-09,480.89,410.17,423.19,-1.81,-0.37
2008-06-10,467.86,410.23,423.2,-13.03,-2.71
2008-06-11,473.01,410.3,423.9,5.15,1.1
2008-06-12,479.85,410.37,424.6,6.84,1.45
2008-06-13,489.77,410.46,424.66,9.92,2.07
2008-06-16,479.12,410.53,424.72,-10.65,-2.17
2008-06-17,495.75,410.62,424.74,16.63,3.47
2008-06-18,500.84,410.72,424.75,5.09,1.03
2008-06-19,506.13,410.82,424.9,5.29,1.06
2008-06-20,507.61,410.93,425.05,1.48,0.29
2008-06-23,510.15,411.03,425.39,2.54,0.5
2008-06-24,486.53,411.11,425.73,-23.62,-4.63
2008-06-25,490.59,411.2,425.89,4.06,0.83
2008-06-26,494.88,411.29,426.06,4.29,0.87
2008-06-27,483.01,411.36,426.19,-11.87,-2.4
2008-06-30,497.0,411.45,426.33,13.99,2.9
2008-07-01,476.45,411.52,426.41,-20.55,-4.13
2008-07-02,463.29,411.58,426.5,-13.16,-2.76
2008-07-03,464.41,411.63,426.6,1.12,0.24
2008-07-07,463.24,411.69,426.69,-1.17,-0.25
2008-07-08,444.25,411.72,426.93,-18.99,-4.1
2008-07-09,452.94,411.76,427.16,8.69,1.96
2008-07-10,418.66,411.77,426.93,-34.28,-7.57
2008-07-11,424.48,411.78,426.69,5.82,1.39
2008-07-14,433.75,411.81,426.93,9.27,2.18
2008-07-15,429.0,411.83,427.16,-4.75,-1.1
2008-07-16,441.99,411.86,427.23,12.99,3.03
2008-07-17,433.86,411.88,427.3,-8.13,-1.84
2008-07-18,449.28,411.92,427.4,15.42,3.55
2008-07-21,414.49,411.92,427.3,-34.79,-7.74
2008-07-22,439.18,411.95,427.4,24.69,5.96
2008-07-23,449.15,411.99,427.5,9.97,2.27
2008-07-24,429.0,412.01,427.6,-20.15,-4.49
2008-07-25,429.27,412.03,427.7,0.27,0.06
2008-07-28,439.6,412.05,427.79,10.33,2.41
2008-07-29,437.16,412.08,427.89,-2.44,-0.56
2008-07-30,381.0,412.05,427.79,-56.16,-12.85
2008-07-31,425.08,412.06,427.7,44.08,11.57
2008-08-01,411.72,412.06,427.6,-13.36,-3.14
2008-08-04,409.98,412.06,427.5,-1.74,-0.42
2008-08-05,386.91,412.03,427.4,-23.07,-5.63
2008-08-06,375.99,412.0,427.3,-10.92,-2.82
2008-08-07,346.01,411.93,427.23,-29.98,-7.97
2008-08-08,358.99,411.87,427.16,12.98,3.75
2008-08-11,328.98,411.79,426.93,-30.01,-8.36
2008-08-12,341.89,411.72,426.69,12.91,3.92
2008-08-13,394.5,411.7,426.6,52.61,15.39
2008-08-14,309.44,411.59,426.5,-85.06,-21.56
2008-08-15,356.5,411.54,426.41,47.06,15.21
2008-08-18,372.54,411.5,426.33,16.04,4.5
2008-08-19,380.98,411.47,426.19,8.44,2.27
2008-08-20,362.75,411.42,426.06,-18.23,-4.79
2008-08-21,362.0,411.37,425.89,-0.75,-0.21
2008-08-22,369.69,411.32,425.73,7.69,2.12
2008-08-25,352.32,411.26,425.4,-17.37,-4.7
2008-08-26,337.99,411.19,425.08,-14.33,-4.07
2008-08-27,350.47,411.13,425.06,12.48,3.69
2008-08-28,329.49,411.04,425.05,-20.98,-5.99
2008-08-29,343.0,410.97,424.9,13.51,4.1
2008-09-02,369.31,410.93,424.75,26.31,7.67
2008-09-03,372.0,410.89,424.74,2.69,0.73
2008-09-04,359.36,410.84,424.72,-12.64,-3.4
2008-09-05,362.99,410.79,424.66,3.63,1.01
2008-09-08,366.94,410.75,424.6,3.95,1.09
2008-09-09,368.88,410.71,424.54,1.94,0.53
2008-09-10,331.22,410.63,424.48,-37.66,-10.21
2008-09-11,341.15,410.56,423.84,9.93,3.0
2008-09-12,318.78,410.46,423.2,-22.37,-6.56
2008-09-15,328.0,410.38,423.19,9.22,2.89
2008-09-16,316.3,410.29,423.19,-11.7,-3.57
2008-09-17,291.0,410.17,423.0,-25.3,-8.0
2008-09-18,313.0,410.07,422.8,22.0,7.56
2008-09-19,310.02,409.97,422.68,-2.98,-0.95
2008-09-22,310.16,409.87,422.55,0.14,0.05
2008-09-23,300.19,409.76,422.23,-9.97,-3.21
2008-09-24,259.56,409.61,421.91,-40.63,-13.53
2008-09-25,269.37,409.47,421.27,9.81,3.78
2008-09-26,257.44,409.32,420.64,-11.93,-4.43
2008-09-29,286.66,409.2,420.33,29.22,11.35
2008-09-30,292.09,409.08,420.03,5.43,1.89
2008-10-01,296.45,408.97,419.95,4.36,1.49
2008-10-02,265.99,408.83,419.87,-30.46,-10.27
2008-10-03,277.78,408.7,419.8,11.79,4.43
2008-10-06,279.43,408.57,419.73,1.65,0.59
2008-10-07,283.49,408.45,419.63,4.06,1.45
2008-10-08,283.99,408.32,419.53,0.5,0.18
2008-10-09,309.44,408.23,419.43,25.45,8.96
2008-10-10,305.97,408.13,419.33,-3.47,-1.12
2008-10-13,314.9,408.03,419.33,8.93,2.92
2008-10-14,316.47,407.94,419.33,1.57,0.5
2008-10-15,310.67,407.85,419.22,-5.8,-1.83
2008-10-16,329.5,407.77,419.1,18.83,6.06
2008-10-17,315.24,407.68,418.89,-14.26,-4.33
2008-10-20,320.35,407.6,418.69,5.11,1.62
2008-10-21,310.17,407.5,418.68,-10.18,-3.18
2008-10-22,309.5,407.4,418.66,-0.67,-0.22
2008-10-23,298.02,407.3,418.5,-11.48,-3.71
2008-10-24,306.34,407.2,418.34,8.32,2.79
2008-10-27,300.36,407.1,418.27,-5.98,-1.95
2008-10-28,301.38,406.99,418.2,1.02,0.34
2008-10-29,303.11,406.89,418.2,1.73,0.57
2008-10-30,311.0,406.8,418.2,7.89,2.6
2008-10-31,321.32,406.71,418.0,10.32,3.32
2008-11-03,331.24,406.64,417.81,9.92,3.09
2008-11-04,334.06,406.57,417.65,2.82,0.85
2008-11-05,330.91,406.5,417.49,-3.15,-0.94
2008-11-06,312.69,406.41,417.37,-18.22,-5.51
2008-11-07,320.6,406.32,417.25,7.91,2.53
2008-11-10,300.97,406.22,416.86,-19.63,-6.12
2008-11-11,303.58,406.12,416.47,2.61,0.87
2008-11-12,299.67,406.02,416.44,-3.91,-1.29
2008-11-13,299.5,405.92,416.41,-0.17,-0.06
2008-11-14,303.08,405.82,416.09,3.58,1.2
2008-11-17,309.35,405.73,415.77,6.27,2.07
2008-11-18,324.7,405.65,415.49,15.35,4.96
2008-11-19,328.0,405.57,415.21,3.3,1.02
2008-11-20,331.48,405.5,415.03,3.48,1.06
2008-11-21,352.33,405.45,414.86,20.85,6.29
2008-11-24,343.32,405.39,414.72,-9.01,-2.56
2008-11-25,348.8,405.34,414.57,5.48,1.6
2008-11-26,340.57,405.28,414.53,-8.23,-2.36
2008-11-28,343.0,405.22,414.49,2.43,0.71
2008-12-01,343.0,405.16,414.29,0.0,0.0
2008-12-02,355.38,405.11,414.09,12.38,3.61
2008-12-03,381.0,405.09,413.47,25.62,7.21
2008-12-04,358.51,405.04,412.85,-22.49,-5.9
2008-12-05,363.05,405.0,412.33,4.54,1.27
2008-12-08,362.99,404.97,411.81,-0.06,-0.02
2008-12-09,342.66,404.91,411.76,-20.33,-5.6
2008-12-10,353.38,404.86,411.72,10.72,3.13
2008-12-11,342.64,404.8,411.72,-10.74,-3.04
2008-12-12,348.92,404.75,411.71,6.28,1.83
2008-12-15,330.06,404.68,411.44,-18.86,-5.41
2008-12-16,349.62,404.62,411.18,19.56,5.93
2008-12-17,341.64,404.56,411.09,-7.98,-2.28
2008-12-18,352.49,404.52,411.0,10.85,3.18
2008-12-19,337.99,404.45,410.82,-14.5,-4.11
2008-12-22,340.7,404.39,410.65,2.71,0.8
2008-12-23,325.48,404.32,410.65,-15.22,-4.47
2008-12-24,329.0,404.25,410.65,3.52,1.08
2008-12-26,305.64,404.16,410.31,-23.36,-7.1
2008-12-29,310.19,404.07,409.98,4.55,1.49
2008-12-30,290.89,403.96,409.98,-19.3,-6.22
2008-12-31,310.5,403.87,409.98,19.61,6.74
